Feature,Importance
numeric__Reported_Issues,0.28681959741528135
categorical__Brake_Condition_Worn Out,0.1746643737517783
categorical__Battery_Status_Weak,0.15584152685009545
categorical__Battery_Status_New,0.04525089773344392
categorical__Battery_Status_Good,0.04453929052392638
categorical__Brake_Condition_Good,0.041431854813809725
numeric__Service_History,0.041369967531870146
numeric__Accident_History,0.034972941068693066
categorical__Brake_Condition_New,0.03444379871437957
numeric__Mileage,0.01992058640738804
numeric__Fuel_Efficiency,0.01955847491164175
numeric__Odometer_Reading,0.01863681175083247
categorical__Maintenance_History_Good,0.016243800093955357
categorical__Maintenance_History_Poor,0.013461854897351879
numeric__Vehicle_Age,0.011032376660373622
numeric__Engine_Size,0.007886770661024603
categorical__Maintenance_History_Average,0.006876433273276804
categorical__Owner_Type_First,0.00270786773743438
categorical__Tire_Condition_New,0.002638423723425691
categorical__Fuel_Type_Petrol,0.002579170443997816
categorical__Owner_Type_Third,0.002485146378369132
categorical__Fuel_Type_Diesel,0.0024671978524262155
categorical__Tire_Condition_Good,0.0024102971065627734
categorical__Tire_Condition_Worn Out,0.0024047341403555106
categorical__Fuel_Type_Electric,0.002381357956494269
categorical__Transmission_Type_Manual,0.002369792772494131
categorical__Transmission_Type_Automatic,0.0023044812202129804
categorical__Owner_Type_Second,0.0023001736091047883
